Name,Price,Discount,Manufacturer,Type,Size,Composition1,Composition2
Augmentin 625 Duo Tablet,223.42,FALSE,Glaxo SmithKline Pharmaceuticals Ltd,allopathy,strip of 10 tablets,Amoxycillin  (500mg) ,  Clavulanic Acid (125mg)
Azithral 500 Tablet,132.36,FALSE,Alembic Pharmaceuticals Ltd,allopathy,strip of 5 tablets,Azithromycin (500mg),-
Ascoril LS Syrup,118,FALSE,Glenmark Pharmaceuticals Ltd,allopathy,bottle of 100 ml Syrup,Ambroxol (30mg/5ml) , Levosalbutamol (1mg/5ml) 
Allegra 120mg Tablet,218.81,FALSE,Sanofi India  Ltd,allopathy,strip of 10 tablets,Fexofenadine (120mg),-
Avil 25 Tablet,10.96,FALSE,Sanofi India  Ltd,allopathy,strip of 15 tablets,Pheniramine (25mg),-
Allegra-M Tablet,241.48,FALSE,Sanofi India  Ltd,allopathy,strip of 10 tablets,Montelukast (10mg) , Fexofenadine (120mg)
Amoxyclav 625 Tablet,223.27,FALSE,Abbott,allopathy,strip of 10 tablets,Amoxycillin  (500mg) ,  Clavulanic Acid (125mg)
Azee 500 Tablet,132.38,FALSE,Cipla Ltd,allopathy,strip of 5 tablets,Azithromycin (500mg),-
Atarax 25mg Tablet,85.5,FALSE,Dr Reddy's Laboratories Ltd,allopathy,strip of 15 tablets,Hydroxyzine (25mg),-
Ascoril D Plus Syrup Sugar Free,129,FALSE,Glenmark Pharmaceuticals Ltd,allopathy,bottle of 100 ml Syrup,Phenylephrine (5mg) , Chlorpheniramine Maleate (2mg) 
Aciloc 150 Tablet,40.94,FALSE,Cadila Pharmaceuticals Ltd,allopathy,strip of 30 tablets,Ranitidine (150mg),-
Alex Syrup,129,FALSE,Glenmark Pharmaceuticals Ltd,allopathy,bottle of 100 ml Syrup,Phenylephrine (5mg/5ml) , Chlorpheniramine Maleate (2mg/5ml) 
Anovate Cream,134.2,FALSE,USV Ltd,allopathy,tube of 20 gm Cream,Phenylephrine (0.10% w/w) , Beclometasone (0.025% w/w) 
Augmentin Duo Oral Suspension,67.2,FALSE,Glaxo SmithKline Pharmaceuticals Ltd,allopathy,bottle of 30 ml Oral Suspension,Amoxycillin  (200mg) ,  Clavulanic Acid (28.5mg)
Ambrodil-S Syrup,30.2,FALSE,Aristo Pharmaceuticals Pvt Ltd,allopathy,bottle of 100 ml Syrup,Ambroxol (15mg/5ml) , Salbutamol (1mg/5ml)
Arkamin Tablet,72.65,FALSE,Torrent Pharmaceuticals Ltd,allopathy,strip of 30 tablets,Clonidine (100mcg),-
Avomine Tablet,55.98,FALSE,Abbott,allopathy,strip of 10 tablets,Promethazine (25mg),-
Asthakind-DX Syrup Sugar Free,70.4,FALSE,Mankind Pharma Ltd,allopathy,bottle of 60 ml Syrup,Phenylephrine (5mg/5ml) , Chlorpheniramine Maleate (2mg/5ml) 
Allegra 180mg Tablet,251.2,FALSE,Sanofi India  Ltd,allopathy,strip of 10 tablets,Fexofenadine (180mg),-
Albendazole 400mg Tablet,9.58,FALSE,Cadila Pharmaceuticals Ltd,allopathy,strip of 1 Tablet,Albendazole (400mg),-
Asthalin Syrup,19.04,FALSE,Cipla Ltd,allopathy,bottle of 100 ml Syrup,Salbutamol (2mg/5ml),-
Alprax 0.25 Tablet,29,FALSE,Torrent Pharmaceuticals Ltd,allopathy,strip of 15 tablets,Alprazolam (0.25mg),-
Altraday Capsule SR,128,FALSE,Sun Pharmaceutical Industries Ltd,allopathy,strip of 10 capsule sr,Aceclofenac (200mg) , Rabeprazole (20mg)
Ativan 2mg Tablet,91.87,FALSE,Pfizer Ltd,allopathy,strip of 30 tablets,Lorazepam (2mg),-
Ascoril LS Junior Syrup,96,FALSE,Glenmark Pharmaceuticals Ltd,allopathy,bottle of 60 ml Syrup,Ambroxol (15mg/5ml) , Levosalbutamol (0.5mg/5ml) 
Asthalin 100mcg Inhaler,157.85,FALSE,Cipla Ltd,allopathy,packet of 200 MDI Inhaler,Salbutamol (100mcg),-
Almox 500 Capsule,80.26,FALSE,Alkem Laboratories Ltd,allopathy,strip of 10 capsules,Amoxycillin (500mg),-
Atarax 10mg Tablet,47.91,FALSE,Dr Reddy's Laboratories Ltd,allopathy,strip of 15 tablets,Hydroxyzine (10mg),-
Aciloc RD 20 Tablet,77,FALSE,Cadila Pharmaceuticals Ltd,allopathy,strip of 15 tablets,Domperidone (10mg) , Omeprazole (20mg)
Aldactone Tablet,35.35,FALSE,RPG Life Sciences Ltd,allopathy,strip of 15 tablets,Spironolactone (25mg),-
Allegra Suspension Raspberry & Vanilla,188.78,FALSE,Sanofi India  Ltd,allopathy,bottle of 100 ml Oral Suspension,Fexofenadine (30mg/5ml),-
Atarax Syrup,110.25,TRUE,Dr Reddy's Laboratories Ltd,allopathy,bottle of 100 ml Syrup,Hydroxyzine (10mg),-
Amlokind-AT Tablet,44.7,FALSE,Mankind Pharma Ltd,allopathy,strip of 15 tablets,Amlodipine (5mg) , Atenolol (50mg)
Axcer  90mg Tablet,420,FALSE,Sun Pharmaceutical Industries Ltd,allopathy,strip of 14 tablets,Ticagrelor (90mg),-
Ativan 1mg Tablet,75.67,FALSE,Pfizer Ltd,allopathy,strip of 30 tablets,Lorazepam (1mg),-
Alkasol Oral Solution,122.05,TRUE,Stadmed Pvt Ltd,allopathy,bottle of 100 ml Oral Solution,Disodium Hydrogen Citrate (1.4gm/5ml),-
Aldigesic P 100mg/325mg Tablet,110,FALSE,Alkem Laboratories Ltd,allopathy,strip of 15 tablets,Aceclofenac (100mg) , Paracetamol (325mg)
Alfoo 10mg Tablet PR,687.75,FALSE,Dr Reddy's Laboratories Ltd,allopathy,strip of 30 Tablet pr,Alfuzosin (10mg),-
Alprax 0.5mg Tablet,66.9,FALSE,Torrent Pharmaceuticals Ltd,allopathy,strip of 15 tablets,Alprazolam (0.5mg),-
Arachitol 6L Injection,407.76,FALSE,Abbott,allopathy,packet of 6 injections,Vitamin D3 (600000IU),-
Anafortan 25 mg/300 mg Tablet,124.56,FALSE,Abbott,allopathy,strip of 15 tablets,Camylofin (25mg) , Paracetamol (300mg)
Alex Junior Syrup,95,FALSE,Glenmark Pharmaceuticals Ltd,allopathy,bottle of 60 ml Syrup,Chlorpheniramine Maleate (2mg/5ml) , Dextromethorphan Hydrobromide (5mg/5ml)
Azithral 200 Liquid,57.25,FALSE,Alembic Pharmaceuticals Ltd,allopathy,bottle of 15 ml Oral Suspension,Azithromycin (200mg/5ml),-
AB Phylline Capsule,162,FALSE,Sun Pharmaceutical Industries Ltd,allopathy,strip of 10 capsules,Acebrophylline (100mg),-
Althrocin 500 Tablet,110.3,FALSE,Alembic Pharmaceuticals Ltd,allopathy,strip of 10 tablets,Erythromycin (500mg),-
Augmentin DDS Suspension,173,FALSE,Glaxo SmithKline Pharmaceuticals Ltd,allopathy,bottle of 30 ml Oral Suspension,Amoxycillin  (400mg/5ml) ,  Clavulanic Acid (57mg/5ml)
Azicip 500 Tablet,79.43,FALSE,Cipla Ltd,allopathy,strip of 3 tablets,Azithromycin (500mg),-
Aldigesic-SP Tablet,120,FALSE,Alkem Laboratories Ltd,allopathy,strip of 10 tablets,Aceclofenac (100mg) , Paracetamol (325mg) 
Amoxycillin 500mg Capsule,31.9,TRUE,Jagsonpal Pharmaceuticals Ltd,allopathy,strip of 10 capsules,Amoxycillin (500mg),-
Asthakind Expectorant Sugar Free,64.22,FALSE,Mankind Pharma Ltd,allopathy,bottle of 60 ml Expectorant,Guaifenesin (50mg) , Terbutaline (1.25mg) 
Acemiz Plus Tablet,99.5,FALSE,Lupin Ltd,allopathy,strip of 10 tablets,Aceclofenac (100mg) , Paracetamol (325mg)
Aceclo Plus Tablet,90.85,FALSE,Aristo Pharmaceuticals Pvt Ltd,allopathy,strip of 15 tablets,Aceclofenac (100mg) , Paracetamol (325mg)
Anobliss Cream,136.68,FALSE,Samarth Life Sciences Pvt Ltd,allopathy,tube of 30 gm Rectal Cream,Lidocaine (1.5% w/w) , Nifedipine (0.3% w/w)
Alex Cough Lozenges Lemon Ginger,108,FALSE,Glenmark Pharmaceuticals Ltd,allopathy,strip of 10 lozenges,Dextromethorphan Hydrobromide (5mg),-
Asthalin Respules,7.07,FALSE,Cipla Ltd,allopathy,packet of 2.5 ml Respules,Salbutamol (2.5mg),-
Avil Injection,21.17,FALSE,Sanofi India  Ltd,allopathy,vial of 10 ml Injection,Pheniramine (22.75mg),-
Azee 200mg Dry Syrup,52.31,FALSE,Cipla Ltd,allopathy,bottle of 15 ml Oral Suspension,Azithromycin (200mg/5ml),-
Atorva Tablet,102.31,FALSE,Zydus Cadila,allopathy,strip of 15 tablets,Atorvastatin (10mg),-
Asthakind-LS Expectorant Cola Sugar Free,93.5,FALSE,Mankind Pharma Ltd,allopathy,bottle of 100 ml Expectorant,Ambroxol (30mg/5ml) , Levosalbutamol (1mg/5ml) 
Ascoril LS Drops,72,FALSE,Glenmark Pharmaceuticals Ltd,allopathy,bottle of 15 ml Oral Drops,Ambroxol (7.5mg/ml) , Levosalbutamol (0.25mg/ml) 
Azmarda 50mg Tablet,1092.03,FALSE,J B Chemicals and Pharmaceuticals Ltd,allopathy,strip of 14 tablets,Sacubitril (24mg) , Valsartan (26mg)
Amixide-H Tablet,51,FALSE,Sun Pharmaceutical Industries Ltd,allopathy,strip of 10 tablets,Amitriptyline (12.5mg) , Chlordiazepoxide (5mg)
AB-Flo-N Tablet,207.25,FALSE,Lupin Ltd,allopathy,strip of 10 tablets,Acebrophylline (100mg) , Acetylcysteine (600mg)
AF Kit Tablet,110,FALSE,Systopic Laboratories Pvt Ltd,allopathy,strip of 4 tablets,Azithromycin (1000mg) , Ornidazole (750mg) 
Amlokind 5 Tablet,22.15,FALSE,Mankind Pharma Ltd,allopathy,strip of 15 tablets,Amlodipine (5mg),-
Amlong Tablet,48.55,FALSE,Micro Labs Ltd,allopathy,strip of 15 tablets,Amlodipine (5mg),-
Akt 4 Kit,24.7,FALSE,Lupin Ltd,allopathy,packet of 1 Kit,Isoniazid (300mg) , Rifampicin (450mg) 
Ascoril D Junior Cough Syrup,98,FALSE,Glenmark Pharmaceuticals Ltd,allopathy,bottle of 60 ml Syrup,Phenylephrine (5mg/5ml) , Chlorpheniramine Maleate (2mg/5ml) 
Amitone 10mg Tablet,19.15,FALSE,Intas Pharmaceuticals Ltd,allopathy,strip of 10 tablets,Amitriptyline (10mg),-
Aulin 100mg Tablet,50.56,FALSE,Elder Pharmaceuticals Ltd,allopathy,strip of 10 tablets,Nimesulide (100mg),-
Amikacin Sulphate 500mg Injection,11.87,TRUE,Sun Pharmaceutical Industries Ltd,allopathy,vial of 2 ml Injection,Amikacin (500mg),-
Ambrodil-LX Syrup,90.85,FALSE,Aristo Pharmaceuticals Pvt Ltd,allopathy,bottle of 100 ml Syrup,Ambroxol (30mg/5ml) , Levosalbutamol (1mg/5ml) 
Aquasol A Capsule,29.6,FALSE,USV Ltd,allopathy,bottle of 30 capsules,Vitamin A (25000IU),-
AB Phylline SR 200 Tablet,252,FALSE,Sun Pharmaceutical Industries Ltd,allopathy,strip of 10 tablet sr,Acebrophylline (200mg),-
Azoran Tablet,106.65,TRUE,RPG Life Sciences Ltd,allopathy,strip of 10 tablets,Azathioprine (50mg),-
Amaryl 1mg Tablet,133.81,FALSE,Sanofi India  Ltd,allopathy,strip of 30 tablets,Glimepiride (1mg),-
Aztor 10 Tablet,102.25,FALSE,Sun Pharmaceutical Industries Ltd,allopathy,strip of 15 tablets,Atorvastatin (10mg),-
Atorva 40 Tablet,239.89,FALSE,Zydus Cadila,allopathy,strip of 10 tablets,Atorvastatin (40mg),-
Azax 500 Tablet,79.3,FALSE,Sun Pharmaceutical Industries Ltd,allopathy,strip of 3 tablets,Azithromycin (500mg),-
Alex Syrup Sugar Free,129,FALSE,Glenmark Pharmaceuticals Ltd,allopathy,bottle of 100 ml Syrup,Phenylephrine (5mg/5ml) , Chlorpheniramine Maleate (2mg/5ml) 
Anxit 0.5 Tablet,47,FALSE,Micro Labs Ltd,allopathy,strip of 15 tablets,Alprazolam (0.5mg),-
Anxit 0.25mg Tablet,20.5,FALSE,Micro Labs Ltd,allopathy,strip of 15 tablets,Alprazolam (0.25mg),-
Acitrom 2 Tablet,414.65,FALSE,Abbott,allopathy,strip of 30 tablets,Acenocoumarol (2mg),-
Angispan - TR 2.5mg Capsule,198,FALSE,USV Ltd,allopathy,bottle of 25 capsule tr,Nitroglycerin (2.5mg),-
Azeflo Nasal Spray,420.1,FALSE,Lupin Ltd,allopathy,packet of 7 ml Nasal Spray,Fluticasone Propionate (50mcg) , Azelastine (140mcg)
Acemiz -MR Tablet,99.5,FALSE,Lupin Ltd,allopathy,strip of 10 tablets,Aceclofenac (100mg) , Paracetamol (325mg) 
Akurit 4 Tablet,82.6,FALSE,Lupin Ltd,allopathy,strip of 10 tablets,Isoniazid (75mg) , Rifampicin (150mg) 
Aerocort Inhaler,273.77,FALSE,Cipla Ltd,allopathy,packet of 200 MDI Inhaler,Levosalbutamol (50mcg) , Beclometasone (50mcg)
Adaferin Gel,284,FALSE,Galderma India Pvt Ltd,allopathy,tube of 15 gm Gel,Adapalene (0.1% w/w),-
Acivir 400 DT Tablet,76.55,FALSE,Cipla Ltd,allopathy,strip of 5 tablet dt,Acyclovir (400mg),-
Aptimust Syrup,129.9,FALSE,Mankind Pharma Ltd,allopathy,bottle of 200 ml Syrup,Cyproheptadine (2mg/5ml) , Tricholine Citrate (275mg/5ml) 
Augmentin 1000 Duo Tablet,601.45,FALSE,Glaxo SmithKline Pharmaceuticals Ltd,allopathy,strip of 10 tablets,Amoxycillin  (875mg) ,  Clavulanic Acid (125mg)
Ambrodil Syrup,69.75,FALSE,Aristo Pharmaceuticals Pvt Ltd,allopathy,bottle of 100 ml Syrup,Ambroxol (30mg/5ml),-
Acogut Tablet,239.4,FALSE,Lupin Ltd,allopathy,strip of 15 tablets,Acotiamide (100mg),-
Atarax Drops,69.75,FALSE,Dr Reddy's Laboratories Ltd,allopathy,bottle of 15 ml Syrup,Hydroxyzine (6mg),-
Amlip 5 Tablet,32.36,FALSE,Cipla Ltd,allopathy,strip of 10 tablets,Amlodipine (5mg),-
AntiD 300mcg/ml Injection,3039.42,FALSE,Bharat Serums & Vaccines Ltd,allopathy,vial of 1 Injection,Anti Rh D Immunoglobulin (300mcg/ml),-
Alerid Syrup,21.84,FALSE,Cipla Ltd,allopathy,bottle of 30 ml Syrup,Cetirizine (5mg/5ml),-
Aldactone 50 Tablet,70.6,FALSE,RPG Life Sciences Ltd,allopathy,strip of 15 tablets,Spironolactone (50mg),-
Ampoxin 500 Capsule,88.9,FALSE,Torrent Pharmaceuticals Ltd,allopathy,strip of 15 capsules,Ampicillin (250mg) , Cloxacillin (250mg)
